year,year_quarter,quarter,state_id,State,trade_value,region
2006,20061,2006-Q1,1,Aguascalientes,41467663,Centro-Norte
2006,20062,2006-Q2,1,Aguascalientes,68865388,Centro-Norte
2006,20063,2006-Q3,1,Aguascalientes,98879401,Centro-Norte
2006,20064,2006-Q4,1,Aguascalientes,172591417,Centro-Norte
2007,20071,2007-Q1,1,Aguascalientes,166572113,Centro-Norte
2007,20072,2007-Q2,1,Aguascalientes,167222076,Centro-Norte
2007,20073,2007-Q3,1,Aguascalientes,172829869,Centro-Norte
2007,20074,2007-Q4,1,Aguascalientes,191428224,Centro-Norte
2008,20081,2008-Q1,1,Aguascalientes,157688215,Centro-Norte
2008,20082,2008-Q2,1,Aguascalientes,197817992,Centro-Norte
2008,20083,2008-Q3,1,Aguascalientes,245460255,Centro-Norte
2008,20084,2008-Q4,1,Aguascalientes,173336295,Centro-Norte
2009,20091,2009-Q1,1,Aguascalientes,121238886,Centro-Norte
2009,20092,2009-Q2,1,Aguascalientes,115226366,Centro-Norte
2009,20093,2009-Q3,1,Aguascalientes,162270022,Centro-Norte
2009,20094,2009-Q4,1,Aguascalientes,225713821,Centro-Norte
2010,20101,2010-Q1,1,Aguascalientes,223897894,Centro-Norte
2010,20102,2010-Q2,1,Aguascalientes,248312643,Centro-Norte
2010,20103,2010-Q3,1,Aguascalientes,217388960,Centro-Norte
2010,20104,2010-Q4,1,Aguascalientes,228163781,Centro-Norte
2011,20111,2011-Q1,1,Aguascalientes,251364795,Centro-Norte
2011,20112,2011-Q2,1,Aguascalientes,251098289,Centro-Norte
2011,20113,2011-Q3,1,Aguascalientes,169709344,Centro-Norte
2011,20114,2011-Q4,1,Aguascalientes,240482656,Centro-Norte
2012,20121,2012-Q1,1,Aguascalientes,192905549,Centro-Norte
2012,20122,2012-Q2,1,Aguascalientes,214506487,Centro-Norte
2012,20123,2012-Q3,1,Aguascalientes,219659817,Centro-Norte
2012,20124,2012-Q4,1,Aguascalientes,239742535,Centro-Norte
2013,20131,2013-Q1,1,Aguascalientes,215479280,Centro-Norte
2013,20132,2013-Q2,1,Aguascalientes,253139610,Centro-Norte
2013,20133,2013-Q3,1,Aguascalientes,249915055,Centro-Norte
2013,20134,2013-Q4,1,Aguascalientes,298879996,Centro-Norte
2014,20141,2014-Q1,1,Aguascalientes,297808938,Centro-Norte
2014,20142,2014-Q2,1,Aguascalientes,295293473,Centro-Norte
2014,20143,2014-Q3,1,Aguascalientes,285457661,Centro-Norte
2014,20144,2014-Q4,1,Aguascalientes,329618894,Centro-Norte
2015,20151,2015-Q1,1,Aguascalientes,325991123,Centro-Norte
2015,20152,2015-Q2,1,Aguascalientes,357868176,Centro-Norte
2015,20153,2015-Q3,1,Aguascalientes,372016142,Centro-Norte
2015,20154,2015-Q4,1,Aguascalientes,385186727,Centro-Norte
2016,20161,2016-Q1,1,Aguascalientes,367989321,Centro-Norte
2016,20162,2016-Q2,1,Aguascalientes,368959639,Centro-Norte
2016,20163,2016-Q3,1,Aguascalientes,384338366,Centro-Norte
2016,20164,2016-Q4,1,Aguascalientes,376919054,Centro-Norte
2017,20171,2017-Q1,1,Aguascalientes,377703104,Centro-Norte
2017,20172,2017-Q2,1,Aguascalientes,392439163,Centro-Norte
2017,20173,2017-Q3,1,Aguascalientes,359024895,Centro-Norte
2017,20174,2017-Q4,1,Aguascalientes,356627457,Centro-Norte
2018,20181,2018-Q1,1,Aguascalientes,388463156,Centro-Norte
2018,20182,2018-Q2,1,Aguascalientes,406752244,Centro-Norte
2018,20183,2018-Q3,1,Aguascalientes,373542851,Centro-Norte
2018,20184,2018-Q4,1,Aguascalientes,364050227,Centro-Norte
2019,20191,2019-Q1,1,Aguascalientes,374447845,Centro-Norte
2019,20192,2019-Q2,1,Aguascalientes,378212158,Centro-Norte
2019,20193,2019-Q3,1,Aguascalientes,403963402,Centro-Norte
2019,20194,2019-Q4,1,Aguascalientes,407870476,Centro-Norte
2020,20201,2020-Q1,1,Aguascalientes,331293964,Centro-Norte
2020,20202,2020-Q2,1,Aguascalientes,96527182,Centro-Norte
2020,20203,2020-Q3,1,Aguascalientes,340552758,Centro-Norte
2020,20204,2020-Q4,1,Aguascalientes,354922091,Centro-Norte
2021,20211,2021-Q1,1,Aguascalientes,304911563,Centro-Norte
2021,20212,2021-Q2,1,Aguascalientes,276175801,Centro-Norte
2021,20213,2021-Q3,1,Aguascalientes,274764029,Centro-Norte
2022,20221,2022-Q1,1,Aguascalientes,303148074,Centro-Norte
2022,20222,2022-Q2,1,Aguascalientes,316032420,Centro-Norte
2022,20223,2022-Q3,1,Aguascalientes,93602615,Centro-Norte
2006,20061,2006-Q1,2,Baja California,89436016,Norte
2006,20062,2006-Q2,2,Baja California,105813377,Norte
2006,20063,2006-Q3,2,Baja California,94815921,Norte
2006,20064,2006-Q4,2,Baja California,87498195,Norte
2007,20071,2007-Q1,2,Baja California,86849735,Norte
2007,20072,2007-Q2,2,Baja California,114142352,Norte
2007,20073,2007-Q3,2,Baja California,121866496,Norte
2007,20074,2007-Q4,2,Baja California,113228963,Norte
2008,20081,2008-Q1,2,Baja California,121776199,Norte
2008,20082,2008-Q2,2,Baja California,121444321,Norte
2008,20083,2008-Q3,2,Baja California,119967713,Norte
2008,20084,2008-Q4,2,Baja California,80785497,Norte
2009,20091,2009-Q1,2,Baja California,47619286,Norte
2009,20092,2009-Q2,2,Baja California,66108542,Norte
2009,20093,2009-Q3,2,Baja California,90334454,Norte
2009,20094,2009-Q4,2,Baja California,107875465,Norte
2010,20101,2010-Q1,2,Baja California,105395415,Norte
2010,20102,2010-Q2,2,Baja California,95292053,Norte
2010,20103,2010-Q3,2,Baja California,121914086,Norte
2010,20104,2010-Q4,2,Baja California,131399341,Norte
2011,20111,2011-Q1,2,Baja California,132487915,Norte
2011,20112,2011-Q2,2,Baja California,125218199,Norte
2011,20113,2011-Q3,2,Baja California,129223804,Norte
2011,20114,2011-Q4,2,Baja California,134692140,Norte
2012,20121,2012-Q1,2,Baja California,128320575,Norte
2012,20122,2012-Q2,2,Baja California,154368076,Norte
2012,20123,2012-Q3,2,Baja California,146651570,Norte
2012,20124,2012-Q4,2,Baja California,156004198,Norte
2013,20131,2013-Q1,2,Baja California,163727865,Norte
2013,20132,2013-Q2,2,Baja California,191777258,Norte
2013,20133,2013-Q3,2,Baja California,172425731,Norte
2013,20134,2013-Q4,2,Baja California,215383210,Norte
2014,20141,2014-Q1,2,Baja California,180968923,Norte
2014,20142,2014-Q2,2,Baja California,184063784,Norte
2014,20143,2014-Q3,2,Baja California,212554831,Norte
2014,20144,2014-Q4,2,Baja California,229433181,Norte
2015,20151,2015-Q1,2,Baja California,216308392,Norte
2015,20152,2015-Q2,2,Baja California,226629308,Norte
2015,20153,2015-Q3,2,Baja California,225305450,Norte
2015,20154,2015-Q4,2,Baja California,245194363,Norte
2016,20161,2016-Q1,2,Baja California,217034506,Norte
2016,20162,2016-Q2,2,Baja California,226045363,Norte
2016,20163,2016-Q3,2,Baja California,223146827,Norte
2016,20164,2016-Q4,2,Baja California,231352560,Norte
2017,20171,2017-Q1,2,Baja California,207570348,Norte
2017,20172,2017-Q2,2,Baja California,219307072,Norte
2017,20173,2017-Q3,2,Baja California,198796236,Norte
2017,20174,2017-Q4,2,Baja California,223983686,Norte
2018,20181,2018-Q1,2,Baja California,193337058,Norte
2018,20182,2018-Q2,2,Baja California,223171038,Norte
2018,20183,2018-Q3,2,Baja California,200938165,Norte
2018,20184,2018-Q4,2,Baja California,233448162,Norte
2019,20191,2019-Q1,2,Baja California,210450640,Norte
2019,20192,2019-Q2,2,Baja California,268444542,Norte
2019,20193,2019-Q3,2,Baja California,303969349,Norte
2019,20194,2019-Q4,2,Baja California,332613533,Norte
2020,20201,2020-Q1,2,Baja California,295504260,Norte
2020,20202,2020-Q2,2,Baja California,130178514,Norte
2020,20203,2020-Q3,2,Baja California,292039682,Norte
2020,20204,2020-Q4,2,Baja California,368606305,Norte
2021,20211,2021-Q1,2,Baja California,298812006,Norte
2021,20212,2021-Q2,2,Baja California,338287249,Norte
2021,20213,2021-Q3,2,Baja California,356013229,Norte
2022,20221,2022-Q1,2,Baja California,363806385,Norte
2022,20222,2022-Q2,2,Baja California,398555704,Norte
2022,20223,2022-Q3,2,Baja California,113405967,Norte
2013,20134,2013-Q4,3,Baja California Sur,38296,Norte-Occidente
2006,20062,2006-Q2,4,Campeche,498,Sur
2016,20162,2016-Q2,4,Campeche,17142,Sur
2006,20062,2006-Q2,7,Chiapas,19843,Sur
2006,20064,2006-Q4,7,Chiapas,84123,Sur
2007,20072,2007-Q2,7,Chiapas,14464,Sur
2006,20061,2006-Q1,8,Chihuahua,571074296,Norte
2006,20062,2006-Q2,8,Chihuahua,554603470,Norte
2006,20063,2006-Q3,8,Chihuahua,436532821,Norte
2006,20064,2006-Q4,8,Chihuahua,459811848,Norte
2007,20071,2007-Q1,8,Chihuahua,410228924,Norte
2007,20072,2007-Q2,8,Chihuahua,423792015,Norte
2007,20073,2007-Q3,8,Chihuahua,446838108,Norte
2007,20074,2007-Q4,8,Chihuahua,422280638,Norte
2008,20081,2008-Q1,8,Chihuahua,392894496,Norte
2008,20082,2008-Q2,8,Chihuahua,370811129,Norte
2008,20083,2008-Q3,8,Chihuahua,295028261,Norte
2008,20084,2008-Q4,8,Chihuahua,262866576,Norte
2009,20091,2009-Q1,8,Chihuahua,199706849,Norte
2009,20092,2009-Q2,8,Chihuahua,223110312,Norte
2009,20093,2009-Q3,8,Chihuahua,301283538,Norte
2009,20094,2009-Q4,8,Chihuahua,314168529,Norte
2010,20101,2010-Q1,8,Chihuahua,279535279,Norte
2010,20102,2010-Q2,8,Chihuahua,353606966,Norte
2010,20103,2010-Q3,8,Chihuahua,311916422,Norte
2010,20104,2010-Q4,8,Chihuahua,296706347,Norte
2011,20111,2011-Q1,8,Chihuahua,262830359,Norte
2011,20112,2011-Q2,8,Chihuahua,262670389,Norte
2011,20113,2011-Q3,8,Chihuahua,250300201,Norte
2011,20114,2011-Q4,8,Chihuahua,261576500,Norte
2012,20121,2012-Q1,8,Chihuahua,248028974,Norte
2012,20122,2012-Q2,8,Chihuahua,330181323,Norte
2012,20123,2012-Q3,8,Chihuahua,328492919,Norte
2012,20124,2012-Q4,8,Chihuahua,354677576,Norte
2013,20131,2013-Q1,8,Chihuahua,331101043,Norte
2013,20132,2013-Q2,8,Chihuahua,367577566,Norte
2013,20133,2013-Q3,8,Chihuahua,371026932,Norte
2013,20134,2013-Q4,8,Chihuahua,446684812,Norte
2014,20141,2014-Q1,8,Chihuahua,415306918,Norte
2014,20142,2014-Q2,8,Chihuahua,477210497,Norte
2014,20143,2014-Q3,8,Chihuahua,521243322,Norte
2014,20144,2014-Q4,8,Chihuahua,535758796,Norte
2015,20151,2015-Q1,8,Chihuahua,498801166,Norte
2015,20152,2015-Q2,8,Chihuahua,556991142,Norte
2015,20153,2015-Q3,8,Chihuahua,529591232,Norte
2015,20154,2015-Q4,8,Chihuahua,588758503,Norte
2016,20161,2016-Q1,8,Chihuahua,521191054,Norte
2016,20162,2016-Q2,8,Chihuahua,551549503,Norte
2016,20163,2016-Q3,8,Chihuahua,526302973,Norte
2016,20164,2016-Q4,8,Chihuahua,543009868,Norte
2017,20171,2017-Q1,8,Chihuahua,510214904,Norte
2017,20172,2017-Q2,8,Chihuahua,542000073,Norte
2017,20173,2017-Q3,8,Chihuahua,520165357,Norte
2017,20174,2017-Q4,8,Chihuahua,579041915,Norte
2018,20181,2018-Q1,8,Chihuahua,553649021,Norte
2018,20182,2018-Q2,8,Chihuahua,592130980,Norte
2018,20183,2018-Q3,8,Chihuahua,600552870,Norte
2018,20184,2018-Q4,8,Chihuahua,634324260,Norte
2019,20191,2019-Q1,8,Chihuahua,555294746,Norte
2019,20192,2019-Q2,8,Chihuahua,592142607,Norte
2019,20193,2019-Q3,8,Chihuahua,576381617,Norte
2019,20194,2019-Q4,8,Chihuahua,567253185,Norte
2020,20201,2020-Q1,8,Chihuahua,522043634,Norte
2020,20202,2020-Q2,8,Chihuahua,186064633,Norte
2020,20203,2020-Q3,8,Chihuahua,551582093,Norte
2020,20204,2020-Q4,8,Chihuahua,579600952,Norte
2021,20211,2021-Q1,8,Chihuahua,515754829,Norte
2021,20212,2021-Q2,8,Chihuahua,519671812,Norte
2021,20213,2021-Q3,8,Chihuahua,558059019,Norte
2022,20221,2022-Q1,8,Chihuahua,599835542,Norte
2022,20222,2022-Q2,8,Chihuahua,714066634,Norte
2022,20223,2022-Q3,8,Chihuahua,231353285,Norte
2006,20061,2006-Q1,9,Ciudad de Mexico,39782668,Centro
2006,20062,2006-Q2,9,Ciudad de Mexico,60686165,Centro
2006,20063,2006-Q3,9,Ciudad de Mexico,100321104,Centro
2006,20064,2006-Q4,9,Ciudad de Mexico,65488198,Centro
2007,20071,2007-Q1,9,Ciudad de Mexico,92257528,Centro
2007,20072,2007-Q2,9,Ciudad de Mexico,85471577,Centro
2007,20073,2007-Q3,9,Ciudad de Mexico,88366069,Centro
2007,20074,2007-Q4,9,Ciudad de Mexico,99611135,Centro
2008,20081,2008-Q1,9,Ciudad de Mexico,139088474,Centro
2008,20082,2008-Q2,9,Ciudad de Mexico,145521036,Centro
2008,20083,2008-Q3,9,Ciudad de Mexico,148868365,Centro
2008,20084,2008-Q4,9,Ciudad de Mexico,170256946,Centro
2009,20091,2009-Q1,9,Ciudad de Mexico,116458562,Centro
2009,20092,2009-Q2,9,Ciudad de Mexico,122271889,Centro
2009,20093,2009-Q3,9,Ciudad de Mexico,187400743,Centro
2009,20094,2009-Q4,9,Ciudad de Mexico,200406678,Centro
2010,20101,2010-Q1,9,Ciudad de Mexico,203460204,Centro
2010,20102,2010-Q2,9,Ciudad de Mexico,243143521,Centro
2010,20103,2010-Q3,9,Ciudad de Mexico,268823428,Centro
2010,20104,2010-Q4,9,Ciudad de Mexico,270903545,Centro
2011,20111,2011-Q1,9,Ciudad de Mexico,282097866,Centro
2011,20112,2011-Q2,9,Ciudad de Mexico,295756944,Centro
2011,20113,2011-Q3,9,Ciudad de Mexico,352777082,Centro
2011,20114,2011-Q4,9,Ciudad de Mexico,305706189,Centro
2012,20121,2012-Q1,9,Ciudad de Mexico,313713881,Centro
2012,20122,2012-Q2,9,Ciudad de Mexico,385496304,Centro
2012,20123,2012-Q3,9,Ciudad de Mexico,332920416,Centro
2012,20124,2012-Q4,9,Ciudad de Mexico,337216981,Centro
2013,20131,2013-Q1,9,Ciudad de Mexico,335142464,Centro
2013,20132,2013-Q2,9,Ciudad de Mexico,340463923,Centro
2013,20133,2013-Q3,9,Ciudad de Mexico,332995560,Centro
2013,20134,2013-Q4,9,Ciudad de Mexico,338671026,Centro
2014,20141,2014-Q1,9,Ciudad de Mexico,424386804,Centro
2014,20142,2014-Q2,9,Ciudad de Mexico,364128347,Centro
2014,20143,2014-Q3,9,Ciudad de Mexico,421850465,Centro
2014,20144,2014-Q4,9,Ciudad de Mexico,449778856,Centro
2015,20151,2015-Q1,9,Ciudad de Mexico,404230206,Centro
2015,20152,2015-Q2,9,Ciudad de Mexico,411116684,Centro
2015,20153,2015-Q3,9,Ciudad de Mexico,437871483,Centro
2015,20154,2015-Q4,9,Ciudad de Mexico,433692074,Centro
2016,20161,2016-Q1,9,Ciudad de Mexico,434924697,Centro
2016,20162,2016-Q2,9,Ciudad de Mexico,557116142,Centro
2016,20163,2016-Q3,9,Ciudad de Mexico,499311584,Centro
2016,20164,2016-Q4,9,Ciudad de Mexico,573542405,Centro
2017,20171,2017-Q1,9,Ciudad de Mexico,502577159,Centro
2017,20172,2017-Q2,9,Ciudad de Mexico,579418979,Centro
2017,20173,2017-Q3,9,Ciudad de Mexico,545887648,Centro
2017,20174,2017-Q4,9,Ciudad de Mexico,668082720,Centro
2018,20181,2018-Q1,9,Ciudad de Mexico,801282429,Centro
2018,20182,2018-Q2,9,Ciudad de Mexico,804696163,Centro
2018,20183,2018-Q3,9,Ciudad de Mexico,871090708,Centro
2018,20184,2018-Q4,9,Ciudad de Mexico,943830931,Centro
2019,20191,2019-Q1,9,Ciudad de Mexico,842589873,Centro
2019,20192,2019-Q2,9,Ciudad de Mexico,795607382,Centro
2019,20193,2019-Q3,9,Ciudad de Mexico,925544554,Centro
2019,20194,2019-Q4,9,Ciudad de Mexico,865687070,Centro
2020,20201,2020-Q1,9,Ciudad de Mexico,909973078,Centro
2020,20202,2020-Q2,9,Ciudad de Mexico,311763439,Centro
2020,20203,2020-Q3,9,Ciudad de Mexico,863387719,Centro
2020,20204,2020-Q4,9,Ciudad de Mexico,922252043,Centro
2021,20211,2021-Q1,9,Ciudad de Mexico,795172151,Centro
2021,20212,2021-Q2,9,Ciudad de Mexico,695280373,Centro
2021,20213,2021-Q3,9,Ciudad de Mexico,651795275,Centro
2022,20221,2022-Q1,9,Ciudad de Mexico,804695680,Centro
2022,20222,2022-Q2,9,Ciudad de Mexico,887791517,Centro
2022,20223,2022-Q3,9,Ciudad de Mexico,287454449,Centro
2006,20061,2006-Q1,5,Coahuila,269358233,Norte
2006,20062,2006-Q2,5,Coahuila,361730217,Norte
2006,20063,2006-Q3,5,Coahuila,302619674,Norte
2006,20064,2006-Q4,5,Coahuila,316847264,Norte
2007,20071,2007-Q1,5,Coahuila,261449984,Norte
2007,20072,2007-Q2,5,Coahuila,294895996,Norte
2007,20073,2007-Q3,5,Coahuila,266359775,Norte
2007,20074,2007-Q4,5,Coahuila,298872587,Norte
2008,20081,2008-Q1,5,Coahuila,301643692,Norte
2008,20082,2008-Q2,5,Coahuila,239089142,Norte
2008,20083,2008-Q3,5,Coahuila,213433543,Norte
2008,20084,2008-Q4,5,Coahuila,217100958,Norte
2009,20091,2009-Q1,5,Coahuila,159396824,Norte
2009,20092,2009-Q2,5,Coahuila,135752760,Norte
2009,20093,2009-Q3,5,Coahuila,219862778,Norte
2009,20094,2009-Q4,5,Coahuila,290189791,Norte
2010,20101,2010-Q1,5,Coahuila,321439440,Norte
2010,20102,2010-Q2,5,Coahuila,382206055,Norte
2010,20103,2010-Q3,5,Coahuila,383959812,Norte
2010,20104,2010-Q4,5,Coahuila,418577555,Norte
2011,20111,2011-Q1,5,Coahuila,448780490,Norte
2011,20112,2011-Q2,5,Coahuila,512193196,Norte
2011,20113,2011-Q3,5,Coahuila,509155003,Norte
2011,20114,2011-Q4,5,Coahuila,528424012,Norte
2012,20121,2012-Q1,5,Coahuila,565389218,Norte
2012,20122,2012-Q2,5,Coahuila,637336188,Norte
2012,20123,2012-Q3,5,Coahuila,547961966,Norte
2012,20124,2012-Q4,5,Coahuila,670359287,Norte
2013,20131,2013-Q1,5,Coahuila,581121414,Norte
2013,20132,2013-Q2,5,Coahuila,664303823,Norte
2013,20133,2013-Q3,5,Coahuila,657398634,Norte
2013,20134,2013-Q4,5,Coahuila,710850204,Norte
2014,20141,2014-Q1,5,Coahuila,638892837,Norte
2014,20142,2014-Q2,5,Coahuila,789157436,Norte
2014,20143,2014-Q3,5,Coahuila,817498519,Norte
2014,20144,2014-Q4,5,Coahuila,837497137,Norte
2015,20151,2015-Q1,5,Coahuila,776937635,Norte
2015,20152,2015-Q2,5,Coahuila,875307530,Norte
2015,20153,2015-Q3,5,Coahuila,913211899,Norte
2015,20154,2015-Q4,5,Coahuila,918440971,Norte
2016,20161,2016-Q1,5,Coahuila,860207302,Norte
2016,20162,2016-Q2,5,Coahuila,924693464,Norte
2016,20163,2016-Q3,5,Coahuila,927492938,Norte
2016,20164,2016-Q4,5,Coahuila,984718316,Norte
2017,20171,2017-Q1,5,Coahuila,925326395,Norte
2017,20172,2017-Q2,5,Coahuila,992215725,Norte
2017,20173,2017-Q3,5,Coahuila,942505515,Norte
2017,20174,2017-Q4,5,Coahuila,1049710228,Norte
2018,20181,2018-Q1,5,Coahuila,956779253,Norte
2018,20182,2018-Q2,5,Coahuila,1063207395,Norte
2018,20183,2018-Q3,5,Coahuila,999067391,Norte
2018,20184,2018-Q4,5,Coahuila,1054100250,Norte
2019,20191,2019-Q1,5,Coahuila,972984898,Norte
2019,20192,2019-Q2,5,Coahuila,1087369016,Norte
2019,20193,2019-Q3,5,Coahuila,1128455044,Norte
2019,20194,2019-Q4,5,Coahuila,1017057588,Norte
2020,20201,2020-Q1,5,Coahuila,1037696902,Norte
2020,20202,2020-Q2,5,Coahuila,316341444,Norte
2020,20203,2020-Q3,5,Coahuila,1032206383,Norte
2020,20204,2020-Q4,5,Coahuila,1118684628,Norte
2021,20211,2021-Q1,5,Coahuila,994234227,Norte
2021,20212,2021-Q2,5,Coahuila,1031823491,Norte
2021,20213,2021-Q3,5,Coahuila,1185097323,Norte
2022,20221,2022-Q1,5,Coahuila,1299710425,Norte
2022,20222,2022-Q2,5,Coahuila,1467265578,Norte
2022,20223,2022-Q3,5,Coahuila,451663461,Norte
2021,20211,2021-Q1,6,Colima,127116,Centro-Norte
2006,20061,2006-Q1,10,Durango,425270,Norte-Occidente
2006,20062,2006-Q2,10,Durango,1193382,Norte-Occidente
2006,20063,2006-Q3,10,Durango,592934,Norte-Occidente
2006,20064,2006-Q4,10,Durango,1814358,Norte-Occidente
2007,20071,2007-Q1,10,Durango,848233,Norte-Occidente
2007,20072,2007-Q2,10,Durango,262645,Norte-Occidente
2007,20073,2007-Q3,10,Durango,102559,Norte-Occidente
2007,20074,2007-Q4,10,Durango,44920,Norte-Occidente
2008,20081,2008-Q1,10,Durango,198238,Norte-Occidente
2008,20082,2008-Q2,10,Durango,699433,Norte-Occidente
2008,20083,2008-Q3,10,Durango,509543,Norte-Occidente
2008,20084,2008-Q4,10,Durango,290628,Norte-Occidente
2009,20091,2009-Q1,10,Durango,69663,Norte-Occidente
2009,20093,2009-Q3,10,Durango,677050,Norte-Occidente
2010,20102,2010-Q2,10,Durango,399381,Norte-Occidente
2010,20103,2010-Q3,10,Durango,595607,Norte-Occidente
2010,20104,2010-Q4,10,Durango,907070,Norte-Occidente
2011,20111,2011-Q1,10,Durango,1479753,Norte-Occidente
2011,20112,2011-Q2,10,Durango,1487165,Norte-Occidente
2011,20113,2011-Q3,10,Durango,389291,Norte-Occidente
2011,20114,2011-Q4,10,Durango,405903,Norte-Occidente
2012,20121,2012-Q1,10,Durango,340098,Norte-Occidente
2012,20122,2012-Q2,10,Durango,3723309,Norte-Occidente
2012,20123,2012-Q3,10,Durango,1229094,Norte-Occidente
2012,20124,2012-Q4,10,Durango,945145,Norte-Occidente
2013,20131,2013-Q1,10,Durango,589994,Norte-Occidente
2013,20132,2013-Q2,10,Durango,906552,Norte-Occidente
2013,20133,2013-Q3,10,Durango,1290150,Norte-Occidente
2013,20134,2013-Q4,10,Durango,1576301,Norte-Occidente
2014,20141,2014-Q1,10,Durango,2395458,Norte-Occidente
2014,20142,2014-Q2,10,Durango,2698352,Norte-Occidente
2014,20143,2014-Q3,10,Durango,2033360,Norte-Occidente
2014,20144,2014-Q4,10,Durango,2248777,Norte-Occidente
2015,20151,2015-Q1,10,Durango,1880684,Norte-Occidente
2015,20152,2015-Q2,10,Durango,3518780,Norte-Occidente
2015,20153,2015-Q3,10,Durango,1777057,Norte-Occidente
2015,20154,2015-Q4,10,Durango,1254273,Norte-Occidente
2016,20161,2016-Q1,10,Durango,606621,Norte-Occidente
2016,20162,2016-Q2,10,Durango,1230407,Norte-Occidente
2016,20163,2016-Q3,10,Durango,1471474,Norte-Occidente
2016,20164,2016-Q4,10,Durango,2577994,Norte-Occidente
2017,20171,2017-Q1,10,Durango,2041985,Norte-Occidente
2017,20172,2017-Q2,10,Durango,2053108,Norte-Occidente
2017,20173,2017-Q3,10,Durango,2582887,Norte-Occidente
2017,20174,2017-Q4,10,Durango,3520540,Norte-Occidente
2018,20181,2018-Q1,10,Durango,4890907,Norte-Occidente
2018,20182,2018-Q2,10,Durango,9651297,Norte-Occidente
2018,20183,2018-Q3,10,Durango,11309493,Norte-Occidente
2018,20184,2018-Q4,10,Durango,14043459,Norte-Occidente
2019,20191,2019-Q1,10,Durango,16929995,Norte-Occidente
2019,20192,2019-Q2,10,Durango,23485247,Norte-Occidente
2019,20193,2019-Q3,10,Durango,34070493,Norte-Occidente
2019,20194,2019-Q4,10,Durango,41410728,Norte-Occidente
2020,20201,2020-Q1,10,Durango,50011689,Norte-Occidente
2020,20202,2020-Q2,10,Durango,15112469,Norte-Occidente
2020,20203,2020-Q3,10,Durango,57859785,Norte-Occidente
2020,20204,2020-Q4,10,Durango,70453604,Norte-Occidente
2021,20211,2021-Q1,10,Durango,64937943,Norte-Occidente
2021,20212,2021-Q2,10,Durango,56603633,Norte-Occidente
2021,20213,2021-Q3,10,Durango,62170229,Norte-Occidente
2022,20221,2022-Q1,10,Durango,64341256,Norte-Occidente
2022,20222,2022-Q2,10,Durango,64927257,Norte-Occidente
2022,20223,2022-Q3,10,Durango,22451499,Norte-Occidente
2006,20061,2006-Q1,15,Estado de Mexico,123055824,Centro
2006,20062,2006-Q2,15,Estado de Mexico,126413128,Centro
2006,20063,2006-Q3,15,Estado de Mexico,128750580,Centro
2006,20064,2006-Q4,15,Estado de Mexico,126694751,Centro
2007,20071,2007-Q1,15,Estado de Mexico,135627085,Centro
2007,20072,2007-Q2,15,Estado de Mexico,167826378,Centro
2007,20073,2007-Q3,15,Estado de Mexico,148165408,Centro
2007,20074,2007-Q4,15,Estado de Mexico,171711263,Centro
2008,20081,2008-Q1,15,Estado de Mexico,186860643,Centro
2008,20082,2008-Q2,15,Estado de Mexico,184437360,Centro
2008,20083,2008-Q3,15,Estado de Mexico,159958740,Centro
2008,20084,2008-Q4,15,Estado de Mexico,123142416,Centro
2009,20091,2009-Q1,15,Estado de Mexico,101627532,Centro
2009,20092,2009-Q2,15,Estado de Mexico,114813665,Centro
2009,20093,2009-Q3,15,Estado de Mexico,135635875,Centro
2009,20094,2009-Q4,15,Estado de Mexico,149881445,Centro
2010,20101,2010-Q1,15,Estado de Mexico,110172923,Centro
2010,20102,2010-Q2,15,Estado de Mexico,117877520,Centro
2010,20103,2010-Q3,15,Estado de Mexico,118623404,Centro
2010,20104,2010-Q4,15,Estado de Mexico,116763007,Centro
2011,20111,2011-Q1,15,Estado de Mexico,112236726,Centro
2011,20112,2011-Q2,15,Estado de Mexico,123645049,Centro
2011,20113,2011-Q3,15,Estado de Mexico,115537479,Centro
2011,20114,2011-Q4,15,Estado de Mexico,127314359,Centro
2012,20121,2012-Q1,15,Estado de Mexico,137039250,Centro
2012,20122,2012-Q2,15,Estado de Mexico,148936366,Centro
2012,20123,2012-Q3,15,Estado de Mexico,149957189,Centro
2012,20124,2012-Q4,15,Estado de Mexico,157045766,Centro
2013,20131,2013-Q1,15,Estado de Mexico,153909068,Centro
2013,20132,2013-Q2,15,Estado de Mexico,175885047,Centro
2013,20133,2013-Q3,15,Estado de Mexico,167614003,Centro
2013,20134,2013-Q4,15,Estado de Mexico,178449759,Centro
2014,20141,2014-Q1,15,Estado de Mexico,161883028,Centro
2014,20142,2014-Q2,15,Estado de Mexico,178965025,Centro
2014,20143,2014-Q3,15,Estado de Mexico,182830543,Centro
2014,20144,2014-Q4,15,Estado de Mexico,178517196,Centro
2015,20151,2015-Q1,15,Estado de Mexico,183888957,Centro
2015,20152,2015-Q2,15,Estado de Mexico,193010482,Centro
2015,20153,2015-Q3,15,Estado de Mexico,191837371,Centro
2015,20154,2015-Q4,15,Estado de Mexico,192835696,Centro
2016,20161,2016-Q1,15,Estado de Mexico,189278291,Centro
2016,20162,2016-Q2,15,Estado de Mexico,200783456,Centro
2016,20163,2016-Q3,15,Estado de Mexico,178522397,Centro
2016,20164,2016-Q4,15,Estado de Mexico,169664163,Centro
2017,20171,2017-Q1,15,Estado de Mexico,172860663,Centro
2017,20172,2017-Q2,15,Estado de Mexico,190590165,Centro
2017,20173,2017-Q3,15,Estado de Mexico,182466093,Centro
2017,20174,2017-Q4,15,Estado de Mexico,196793219,Centro
2018,20181,2018-Q1,15,Estado de Mexico,210276266,Centro
2018,20182,2018-Q2,15,Estado de Mexico,216402138,Centro
2018,20183,2018-Q3,15,Estado de Mexico,215751952,Centro
2018,20184,2018-Q4,15,Estado de Mexico,222846785,Centro
2019,20191,2019-Q1,15,Estado de Mexico,223631757,Centro
2019,20192,2019-Q2,15,Estado de Mexico,232029131,Centro
2019,20193,2019-Q3,15,Estado de Mexico,255134854,Centro
2019,20194,2019-Q4,15,Estado de Mexico,257501432,Centro
2020,20201,2020-Q1,15,Estado de Mexico,253454736,Centro
2020,20202,2020-Q2,15,Estado de Mexico,89775624,Centro
2020,20203,2020-Q3,15,Estado de Mexico,260390028,Centro
2020,20204,2020-Q4,15,Estado de Mexico,259498118,Centro
2021,20211,2021-Q1,15,Estado de Mexico,231874843,Centro
2021,20212,2021-Q2,15,Estado de Mexico,224363646,Centro
2021,20213,2021-Q3,15,Estado de Mexico,245628577,Centro
2022,20221,2022-Q1,15,Estado de Mexico,259272600,Centro
2022,20222,2022-Q2,15,Estado de Mexico,277697227,Centro
2022,20223,2022-Q3,15,Estado de Mexico,83477068,Centro
2006,20061,2006-Q1,11,Guanajuato,128320669,Centro
2006,20062,2006-Q2,11,Guanajuato,153754478,Centro
2006,20063,2006-Q3,11,Guanajuato,135089482,Centro
2006,20064,2006-Q4,11,Guanajuato,137046335,Centro
2007,20071,2007-Q1,11,Guanajuato,131494100,Centro
2007,20072,2007-Q2,11,Guanajuato,170802981,Centro
2007,20073,2007-Q3,11,Guanajuato,141383077,Centro
2007,20074,2007-Q4,11,Guanajuato,163690979,Centro
2008,20081,2008-Q1,11,Guanajuato,207692945,Centro
2008,20082,2008-Q2,11,Guanajuato,293894329,Centro
2008,20083,2008-Q3,11,Guanajuato,182606460,Centro
2008,20084,2008-Q4,11,Guanajuato,183168056,Centro
2009,20091,2009-Q1,11,Guanajuato,139838886,Centro
2009,20092,2009-Q2,11,Guanajuato,127764362,Centro
2009,20093,2009-Q3,11,Guanajuato,247506476,Centro
2009,20094,2009-Q4,11,Guanajuato,286501211,Centro
2010,20101,2010-Q1,11,Guanajuato,316632138,Centro
2010,20102,2010-Q2,11,Guanajuato,343043883,Centro
2010,20103,2010-Q3,11,Guanajuato,343369596,Centro
2010,20104,2010-Q4,11,Guanajuato,349813728,Centro
2011,20111,2011-Q1,11,Guanajuato,411974497,Centro
2011,20112,2011-Q2,11,Guanajuato,465523832,Centro
2011,20113,2011-Q3,11,Guanajuato,454056537,Centro
2011,20114,2011-Q4,11,Guanajuato,471875989,Centro
2012,20121,2012-Q1,11,Guanajuato,496946589,Centro
2012,20122,2012-Q2,11,Guanajuato,562861217,Centro
2012,20123,2012-Q3,11,Guanajuato,503457671,Centro
2012,20124,2012-Q4,11,Guanajuato,580392206,Centro
2013,20131,2013-Q1,11,Guanajuato,529631594,Centro
2013,20132,2013-Q2,11,Guanajuato,631534274,Centro
2013,20133,2013-Q3,11,Guanajuato,623678048,Centro
2013,20134,2013-Q4,11,Guanajuato,663352550,Centro
2014,20141,2014-Q1,11,Guanajuato,599464057,Centro
2014,20142,2014-Q2,11,Guanajuato,674256202,Centro
2014,20143,2014-Q3,11,Guanajuato,682272743,Centro
2014,20144,2014-Q4,11,Guanajuato,719088260,Centro
2015,20151,2015-Q1,11,Guanajuato,697745639,Centro
2015,20152,2015-Q2,11,Guanajuato,772578971,Centro
2015,20153,2015-Q3,11,Guanajuato,747538919,Centro
2015,20154,2015-Q4,11,Guanajuato,767746539,Centro
2016,20161,2016-Q1,11,Guanajuato,741740370,Centro
2016,20162,2016-Q2,11,Guanajuato,787332770,Centro
2016,20163,2016-Q3,11,Guanajuato,784159262,Centro
2016,20164,2016-Q4,11,Guanajuato,824610111,Centro
2017,20171,2017-Q1,11,Guanajuato,796774302,Centro
2017,20172,2017-Q2,11,Guanajuato,909489106,Centro
2017,20173,2017-Q3,11,Guanajuato,792836390,Centro
2017,20174,2017-Q4,11,Guanajuato,852769826,Centro
2018,20181,2018-Q1,11,Guanajuato,795588699,Centro
2018,20182,2018-Q2,11,Guanajuato,920800613,Centro
2018,20183,2018-Q3,11,Guanajuato,753664562,Centro
2018,20184,2018-Q4,11,Guanajuato,838147469,Centro
2019,20191,2019-Q1,11,Guanajuato,739777280,Centro
2019,20192,2019-Q2,11,Guanajuato,801744249,Centro
2019,20193,2019-Q3,11,Guanajuato,837901379,Centro
2019,20194,2019-Q4,11,Guanajuato,738054399,Centro
2020,20201,2020-Q1,11,Guanajuato,790131133,Centro
2020,20202,2020-Q2,11,Guanajuato,223615139,Centro
2020,20203,2020-Q3,11,Guanajuato,789612262,Centro
2020,20204,2020-Q4,11,Guanajuato,901684775,Centro
2021,20211,2021-Q1,11,Guanajuato,788501995,Centro
2021,20212,2021-Q2,11,Guanajuato,786969604,Centro
2021,20213,2021-Q3,11,Guanajuato,797208265,Centro
2022,20221,2022-Q1,11,Guanajuato,883714433,Centro
2022,20222,2022-Q2,11,Guanajuato,939506914,Centro
2022,20223,2022-Q3,11,Guanajuato,303037964,Centro
2006,20061,2006-Q1,13,Hidalgo,1568456,Centro
2006,20062,2006-Q2,13,Hidalgo,1766878,Centro
2006,20063,2006-Q3,13,Hidalgo,2370858,Centro
2006,20064,2006-Q4,13,Hidalgo,2104799,Centro
2007,20071,2007-Q1,13,Hidalgo,2792893,Centro
2007,20072,2007-Q2,13,Hidalgo,2290295,Centro
2007,20073,2007-Q3,13,Hidalgo,1721088,Centro
2007,20074,2007-Q4,13,Hidalgo,2301295,Centro
2008,20081,2008-Q1,13,Hidalgo,2895886,Centro
2008,20082,2008-Q2,13,Hidalgo,2667441,Centro
2008,20083,2008-Q3,13,Hidalgo,2516499,Centro
2008,20084,2008-Q4,13,Hidalgo,2675443,Centro
2009,20091,2009-Q1,13,Hidalgo,2087090,Centro
2009,20092,2009-Q2,13,Hidalgo,282001,Centro
2009,20093,2009-Q3,13,Hidalgo,32860,Centro
2009,20094,2009-Q4,13,Hidalgo,16543,Centro
2010,20101,2010-Q1,13,Hidalgo,18772,Centro
2010,20102,2010-Q2,13,Hidalgo,16638,Centro
2010,20103,2010-Q3,13,Hidalgo,252215,Centro
2010,20104,2010-Q4,13,Hidalgo,882391,Centro
2011,20111,2011-Q1,13,Hidalgo,469545,Centro
2011,20112,2011-Q2,13,Hidalgo,58916,Centro
2011,20113,2011-Q3,13,Hidalgo,26120,Centro
2011,20114,2011-Q4,13,Hidalgo,56796,Centro
2012,20121,2012-Q1,13,Hidalgo,78284,Centro
2012,20122,2012-Q2,13,Hidalgo,295560,Centro
2012,20123,2012-Q3,13,Hidalgo,11414,Centro
2012,20124,2012-Q4,13,Hidalgo,61370,Centro
2013,20131,2013-Q1,13,Hidalgo,50883,Centro
2013,20132,2013-Q2,13,Hidalgo,65663,Centro
2013,20133,2013-Q3,13,Hidalgo,231997,Centro
2013,20134,2013-Q4,13,Hidalgo,385846,Centro
2014,20141,2014-Q1,13,Hidalgo,490518,Centro
2014,20142,2014-Q2,13,Hidalgo,906121,Centro
2014,20143,2014-Q3,13,Hidalgo,1034470,Centro
2014,20144,2014-Q4,13,Hidalgo,1595123,Centro
2015,20151,2015-Q1,13,Hidalgo,603498,Centro
2015,20152,2015-Q2,13,Hidalgo,287445,Centro
2015,20153,2015-Q3,13,Hidalgo,1066111,Centro
2015,20154,2015-Q4,13,Hidalgo,1025176,Centro
2016,20161,2016-Q1,13,Hidalgo,1441438,Centro
2016,20162,2016-Q2,13,Hidalgo,101625,Centro
2016,20164,2016-Q4,13,Hidalgo,727670,Centro
2017,20172,2017-Q2,13,Hidalgo,972117,Centro
2017,20173,2017-Q3,13,Hidalgo,1546842,Centro
2017,20174,2017-Q4,13,Hidalgo,1738594,Centro
2018,20181,2018-Q1,13,Hidalgo,1519678,Centro
2018,20182,2018-Q2,13,Hidalgo,1814115,Centro
2018,20183,2018-Q3,13,Hidalgo,1974140,Centro
2018,20184,2018-Q4,13,Hidalgo,1592850,Centro
2019,20191,2019-Q1,13,Hidalgo,1383695,Centro
2019,20192,2019-Q2,13,Hidalgo,1401028,Centro
2019,20193,2019-Q3,13,Hidalgo,1406797,Centro
2019,20194,2019-Q4,13,Hidalgo,1286714,Centro
2020,20201,2020-Q1,13,Hidalgo,1785921,Centro
2020,20202,2020-Q2,13,Hidalgo,958130,Centro
2020,20203,2020-Q3,13,Hidalgo,2739572,Centro
2020,20204,2020-Q4,13,Hidalgo,3815527,Centro
2021,20211,2021-Q1,13,Hidalgo,3710225,Centro
2021,20212,2021-Q2,13,Hidalgo,3765460,Centro
2021,20213,2021-Q3,13,Hidalgo,4014014,Centro
2022,20221,2022-Q1,13,Hidalgo,6001648,Centro
2022,20222,2022-Q2,13,Hidalgo,6645507,Centro
2022,20223,2022-Q3,13,Hidalgo,2071712,Centro
2006,20061,2006-Q1,14,Jalisco,196366207,Centro-Norte
2006,20062,2006-Q2,14,Jalisco,212392524,Centro-Norte
2006,20063,2006-Q3,14,Jalisco,211207866,Centro-Norte
2006,20064,2006-Q4,14,Jalisco,178693392,Centro-Norte
2007,20071,2007-Q1,14,Jalisco,217160665,Centro-Norte
2007,20072,2007-Q2,14,Jalisco,237131981,Centro-Norte
2007,20073,2007-Q3,14,Jalisco,221818867,Centro-Norte
2007,20074,2007-Q4,14,Jalisco,195601946,Centro-Norte
2008,20081,2008-Q1,14,Jalisco,191493631,Centro-Norte
2008,20082,2008-Q2,14,Jalisco,210739654,Centro-Norte
2008,20083,2008-Q3,14,Jalisco,195385462,Centro-Norte
2008,20084,2008-Q4,14,Jalisco,172029086,Centro-Norte
2009,20091,2009-Q1,14,Jalisco,102869815,Centro-Norte
2009,20092,2009-Q2,14,Jalisco,114247123,Centro-Norte
2009,20093,2009-Q3,14,Jalisco,140949871,Centro-Norte
2009,20094,2009-Q4,14,Jalisco,156333557,Centro-Norte
2010,20101,2010-Q1,14,Jalisco,159013659,Centro-Norte
2010,20102,2010-Q2,14,Jalisco,160268944,Centro-Norte
2010,20103,2010-Q3,14,Jalisco,144921556,Centro-Norte
2010,20104,2010-Q4,14,Jalisco,156413095,Centro-Norte
2011,20111,2011-Q1,14,Jalisco,66901516,Centro-Norte
2011,20112,2011-Q2,14,Jalisco,56341017,Centro-Norte
2011,20113,2011-Q3,14,Jalisco,59396920,Centro-Norte
2011,20114,2011-Q4,14,Jalisco,64371148,Centro-Norte
2012,20121,2012-Q1,14,Jalisco,64297455,Centro-Norte
2012,20122,2012-Q2,14,Jalisco,85732635,Centro-Norte
2012,20123,2012-Q3,14,Jalisco,64767675,Centro-Norte
2012,20124,2012-Q4,14,Jalisco,70701684,Centro-Norte
2013,20131,2013-Q1,14,Jalisco,65769848,Centro-Norte
2013,20132,2013-Q2,14,Jalisco,75214666,Centro-Norte
2013,20133,2013-Q3,14,Jalisco,77827246,Centro-Norte
2013,20134,2013-Q4,14,Jalisco,80297689,Centro-Norte
2014,20141,2014-Q1,14,Jalisco,73197944,Centro-Norte
2014,20142,2014-Q2,14,Jalisco,87089458,Centro-Norte
2014,20143,2014-Q3,14,Jalisco,96218095,Centro-Norte
2014,20144,2014-Q4,14,Jalisco,95998795,Centro-Norte
2015,20151,2015-Q1,14,Jalisco,98572524,Centro-Norte
2015,20152,2015-Q2,14,Jalisco,111300186,Centro-Norte
2015,20153,2015-Q3,14,Jalisco,125135616,Centro-Norte
2015,20154,2015-Q4,14,Jalisco,179580118,Centro-Norte
2016,20161,2016-Q1,14,Jalisco,214007882,Centro-Norte
2016,20162,2016-Q2,14,Jalisco,224946718,Centro-Norte
2016,20163,2016-Q3,14,Jalisco,234237425,Centro-Norte
2016,20164,2016-Q4,14,Jalisco,223404696,Centro-Norte
2017,20171,2017-Q1,14,Jalisco,212304334,Centro-Norte
2017,20172,2017-Q2,14,Jalisco,185526568,Centro-Norte
2017,20173,2017-Q3,14,Jalisco,185515832,Centro-Norte
2017,20174,2017-Q4,14,Jalisco,205570129,Centro-Norte
2018,20181,2018-Q1,14,Jalisco,214153757,Centro-Norte
2018,20182,2018-Q2,14,Jalisco,204591114,Centro-Norte
2018,20183,2018-Q3,14,Jalisco,201502119,Centro-Norte
2018,20184,2018-Q4,14,Jalisco,208881762,Centro-Norte
2019,20191,2019-Q1,14,Jalisco,202980634,Centro-Norte
2019,20192,2019-Q2,14,Jalisco,192654319,Centro-Norte
2019,20193,2019-Q3,14,Jalisco,188535709,Centro-Norte
2019,20194,2019-Q4,14,Jalisco,186302511,Centro-Norte
2020,20201,2020-Q1,14,Jalisco,184177121,Centro-Norte
2020,20202,2020-Q2,14,Jalisco,81525957,Centro-Norte
2020,20203,2020-Q3,14,Jalisco,207371367,Centro-Norte
2020,20204,2020-Q4,14,Jalisco,203691429,Centro-Norte
2021,20211,2021-Q1,14,Jalisco,160958156,Centro-Norte
2021,20212,2021-Q2,14,Jalisco,176940320,Centro-Norte
2021,20213,2021-Q3,14,Jalisco,186885516,Centro-Norte
2022,20221,2022-Q1,14,Jalisco,190931299,Centro-Norte
2022,20222,2022-Q2,14,Jalisco,216910761,Centro-Norte
2022,20223,2022-Q3,14,Jalisco,76640928,Centro-Norte
2006,20061,2006-Q1,16,Michoacan,27700,Centro-Norte
2006,20064,2006-Q4,16,Michoacan,127386,Centro-Norte
2007,20071,2007-Q1,16,Michoacan,229592,Centro-Norte
2007,20072,2007-Q2,16,Michoacan,60246,Centro-Norte
2008,20081,2008-Q1,16,Michoacan,118921,Centro-Norte
2008,20083,2008-Q3,16,Michoacan,14695,Centro-Norte
2009,20092,2009-Q2,16,Michoacan,369416,Centro-Norte
2011,20114,2011-Q4,16,Michoacan,896,Centro-Norte
2012,20121,2012-Q1,16,Michoacan,18173,Centro-Norte
2006,20061,2006-Q1,17,Morelos,286100,Centro
2006,20062,2006-Q2,17,Morelos,167324,Centro
2006,20064,2006-Q4,17,Morelos,170144,Centro
2007,20073,2007-Q3,17,Morelos,73332,Centro
2007,20074,2007-Q4,17,Morelos,443947,Centro
2008,20081,2008-Q1,17,Morelos,482422,Centro
2008,20082,2008-Q2,17,Morelos,749655,Centro
2008,20083,2008-Q3,17,Morelos,302960,Centro
2008,20084,2008-Q4,17,Morelos,525762,Centro
2009,20091,2009-Q1,17,Morelos,467102,Centro
2009,20092,2009-Q2,17,Morelos,443622,Centro
2009,20093,2009-Q3,17,Morelos,748071,Centro
2009,20094,2009-Q4,17,Morelos,164135,Centro
2010,20101,2010-Q1,17,Morelos,610001,Centro
2010,20102,2010-Q2,17,Morelos,590315,Centro
2010,20103,2010-Q3,17,Morelos,627802,Centro
2011,20111,2011-Q1,17,Morelos,1679625,Centro
2011,20113,2011-Q3,17,Morelos,1719257,Centro
2011,20114,2011-Q4,17,Morelos,3463375,Centro
2012,20121,2012-Q1,17,Morelos,1715439,Centro
2012,20122,2012-Q2,17,Morelos,3206576,Centro
2012,20123,2012-Q3,17,Morelos,1019100,Centro
2012,20124,2012-Q4,17,Morelos,3958446,Centro
2013,20131,2013-Q1,17,Morelos,992271,Centro
2013,20132,2013-Q2,17,Morelos,4883261,Centro
2013,20133,2013-Q3,17,Morelos,5950747,Centro
2013,20134,2013-Q4,17,Morelos,6318037,Centro
2014,20141,2014-Q1,17,Morelos,7197987,Centro
2014,20142,2014-Q2,17,Morelos,4333072,Centro
2014,20143,2014-Q3,17,Morelos,7220018,Centro
2014,20144,2014-Q4,17,Morelos,6561807,Centro
2015,20151,2015-Q1,17,Morelos,2496621,Centro
2015,20152,2015-Q2,17,Morelos,2231262,Centro
2015,20153,2015-Q3,17,Morelos,4144375,Centro
2015,20154,2015-Q4,17,Morelos,2157681,Centro
2016,20161,2016-Q1,17,Morelos,4361166,Centro
2016,20162,2016-Q2,17,Morelos,4981385,Centro
2016,20164,2016-Q4,17,Morelos,6546758,Centro
2017,20171,2017-Q1,17,Morelos,3475958,Centro
2017,20172,2017-Q2,17,Morelos,6120697,Centro
2017,20173,2017-Q3,17,Morelos,4704059,Centro
2017,20174,2017-Q4,17,Morelos,8385608,Centro
2018,20182,2018-Q2,17,Morelos,23211239,Centro
2018,20183,2018-Q3,17,Morelos,45747062,Centro
2018,20184,2018-Q4,17,Morelos,41263391,Centro
2019,20191,2019-Q1,17,Morelos,29252625,Centro
2019,20192,2019-Q2,17,Morelos,30245137,Centro
2019,20193,2019-Q3,17,Morelos,12593367,Centro
2019,20194,2019-Q4,17,Morelos,15955334,Centro
2020,20204,2020-Q4,17,Morelos,18454047,Centro
2021,20213,2021-Q3,17,Morelos,25999877,Centro
2022,20222,2022-Q2,17,Morelos,33889690,Centro
2022,20223,2022-Q3,17,Morelos,17150375,Centro
2006,20061,2006-Q1,19,Nuevo Leon,303999592,Norte
2006,20062,2006-Q2,19,Nuevo Leon,356384651,Norte
2006,20063,2006-Q3,19,Nuevo Leon,302009608,Norte
2006,20064,2006-Q4,19,Nuevo Leon,291445701,Norte
2007,20071,2007-Q1,19,Nuevo Leon,326055176,Norte
2007,20072,2007-Q2,19,Nuevo Leon,348323831,Norte
2007,20073,2007-Q3,19,Nuevo Leon,349594743,Norte
2007,20074,2007-Q4,19,Nuevo Leon,351408775,Norte
2008,20081,2008-Q1,19,Nuevo Leon,332970587,Norte
2008,20082,2008-Q2,19,Nuevo Leon,344494713,Norte
2008,20083,2008-Q3,19,Nuevo Leon,298017068,Norte
2008,20084,2008-Q4,19,Nuevo Leon,280949072,Norte
2009,20091,2009-Q1,19,Nuevo Leon,197829679,Norte
2009,20092,2009-Q2,19,Nuevo Leon,179977784,Norte
2009,20093,2009-Q3,19,Nuevo Leon,220468942,Norte
2009,20094,2009-Q4,19,Nuevo Leon,251848669,Norte
2010,20101,2010-Q1,19,Nuevo Leon,281135349,Norte
2010,20102,2010-Q2,19,Nuevo Leon,319757603,Norte
2010,20103,2010-Q3,19,Nuevo Leon,322497333,Norte
2010,20104,2010-Q4,19,Nuevo Leon,380394273,Norte
2011,20111,2011-Q1,19,Nuevo Leon,558472065,Norte
2011,20112,2011-Q2,19,Nuevo Leon,538144821,Norte
2011,20113,2011-Q3,19,Nuevo Leon,556544282,Norte
2011,20114,2011-Q4,19,Nuevo Leon,618929443,Norte
2012,20121,2012-Q1,19,Nuevo Leon,643213050,Norte
2012,20122,2012-Q2,19,Nuevo Leon,673480403,Norte
2012,20123,2012-Q3,19,Nuevo Leon,575116169,Norte
2012,20124,2012-Q4,19,Nuevo Leon,554612772,Norte
2013,20131,2013-Q1,19,Nuevo Leon,543121114,Norte
2013,20132,2013-Q2,19,Nuevo Leon,585276779,Norte
2013,20133,2013-Q3,19,Nuevo Leon,545349901,Norte
2013,20134,2013-Q4,19,Nuevo Leon,595749213,Norte
2014,20141,2014-Q1,19,Nuevo Leon,551590815,Norte
2014,20142,2014-Q2,19,Nuevo Leon,605114711,Norte
2014,20143,2014-Q3,19,Nuevo Leon,570558920,Norte
2014,20144,2014-Q4,19,Nuevo Leon,607847409,Norte
2015,20151,2015-Q1,19,Nuevo Leon,561002701,Norte
2015,20152,2015-Q2,19,Nuevo Leon,663502078,Norte
2015,20153,2015-Q3,19,Nuevo Leon,682693594,Norte
2015,20154,2015-Q4,19,Nuevo Leon,708901728,Norte
2016,20161,2016-Q1,19,Nuevo Leon,600020250,Norte
2016,20162,2016-Q2,19,Nuevo Leon,620124981,Norte
2016,20163,2016-Q3,19,Nuevo Leon,584310555,Norte
2016,20164,2016-Q4,19,Nuevo Leon,621367659,Norte
2017,20171,2017-Q1,19,Nuevo Leon,665125092,Norte
2017,20172,2017-Q2,19,Nuevo Leon,671142626,Norte
2017,20173,2017-Q3,19,Nuevo Leon,619122812,Norte
2017,20174,2017-Q4,19,Nuevo Leon,591805302,Norte
2018,20181,2018-Q1,19,Nuevo Leon,476937075,Norte
2018,20182,2018-Q2,19,Nuevo Leon,523725618,Norte
2018,20183,2018-Q3,19,Nuevo Leon,522465856,Norte
2018,20184,2018-Q4,19,Nuevo Leon,557084152,Norte
2019,20191,2019-Q1,19,Nuevo Leon,497246218,Norte
2019,20192,2019-Q2,19,Nuevo Leon,570019628,Norte
2019,20193,2019-Q3,19,Nuevo Leon,612879764,Norte
2019,20194,2019-Q4,19,Nuevo Leon,673850941,Norte
2020,20201,2020-Q1,19,Nuevo Leon,571548921,Norte
2020,20202,2020-Q2,19,Nuevo Leon,244368421,Norte
2020,20203,2020-Q3,19,Nuevo Leon,594206887,Norte
2020,20204,2020-Q4,19,Nuevo Leon,739711804,Norte
2021,20211,2021-Q1,19,Nuevo Leon,620272079,Norte
2021,20212,2021-Q2,19,Nuevo Leon,666135422,Norte
2021,20213,2021-Q3,19,Nuevo Leon,641721942,Norte
2022,20221,2022-Q1,19,Nuevo Leon,713587021,Norte
2022,20222,2022-Q2,19,Nuevo Leon,807809891,Norte
2022,20223,2022-Q3,19,Nuevo Leon,251084774,Norte
2006,20061,2006-Q1,21,Puebla,83651273,Centro
2006,20062,2006-Q2,21,Puebla,120622986,Centro
2006,20063,2006-Q3,21,Puebla,122858370,Centro
2006,20064,2006-Q4,21,Puebla,94631388,Centro
2007,20071,2007-Q1,21,Puebla,89941856,Centro
2007,20072,2007-Q2,21,Puebla,109210727,Centro
2007,20073,2007-Q3,21,Puebla,110312950,Centro
2007,20074,2007-Q4,21,Puebla,104580325,Centro
2008,20081,2008-Q1,21,Puebla,111218815,Centro
2008,20082,2008-Q2,21,Puebla,125152717,Centro
2008,20083,2008-Q3,21,Puebla,124249768,Centro
2008,20084,2008-Q4,21,Puebla,84489217,Centro
2009,20091,2009-Q1,21,Puebla,57832934,Centro
2009,20092,2009-Q2,21,Puebla,64518639,Centro
2009,20093,2009-Q3,21,Puebla,80272841,Centro
2009,20094,2009-Q4,21,Puebla,80514310,Centro
2010,20101,2010-Q1,21,Puebla,83680407,Centro
2010,20102,2010-Q2,21,Puebla,97825748,Centro
2010,20103,2010-Q3,21,Puebla,100103661,Centro
2010,20104,2010-Q4,21,Puebla,102848642,Centro
2011,20111,2011-Q1,21,Puebla,129768182,Centro
2011,20112,2011-Q2,21,Puebla,144570989,Centro
2011,20113,2011-Q3,21,Puebla,148642056,Centro
2011,20114,2011-Q4,21,Puebla,152362332,Centro
2012,20121,2012-Q1,21,Puebla,152168064,Centro
2012,20122,2012-Q2,21,Puebla,187913628,Centro
2012,20123,2012-Q3,21,Puebla,204054197,Centro
2012,20124,2012-Q4,21,Puebla,221338093,Centro
2013,20131,2013-Q1,21,Puebla,196556739,Centro
2013,20132,2013-Q2,21,Puebla,219101681,Centro
2013,20133,2013-Q3,21,Puebla,205740151,Centro
2013,20134,2013-Q4,21,Puebla,217479187,Centro
2014,20141,2014-Q1,21,Puebla,238594728,Centro
2014,20142,2014-Q2,21,Puebla,244398561,Centro
2014,20143,2014-Q3,21,Puebla,240790760,Centro
2014,20144,2014-Q4,21,Puebla,238366507,Centro
2015,20151,2015-Q1,21,Puebla,255667817,Centro
2015,20152,2015-Q2,21,Puebla,262806790,Centro
2015,20153,2015-Q3,21,Puebla,287259500,Centro
2015,20154,2015-Q4,21,Puebla,254796710,Centro
2016,20161,2016-Q1,21,Puebla,270571293,Centro
2016,20162,2016-Q2,21,Puebla,254131360,Centro
2016,20163,2016-Q3,21,Puebla,262101725,Centro
2016,20164,2016-Q4,21,Puebla,267984900,Centro
2017,20171,2017-Q1,21,Puebla,277425508,Centro
2017,20172,2017-Q2,21,Puebla,282260000,Centro
2017,20173,2017-Q3,21,Puebla,274475413,Centro
2017,20174,2017-Q4,21,Puebla,308212520,Centro
2018,20181,2018-Q1,21,Puebla,305827086,Centro
2018,20182,2018-Q2,21,Puebla,365531961,Centro
2018,20183,2018-Q3,21,Puebla,381285625,Centro
2018,20184,2018-Q4,21,Puebla,434795503,Centro
2019,20191,2019-Q1,21,Puebla,410519223,Centro
2019,20192,2019-Q2,21,Puebla,448706079,Centro
2019,20193,2019-Q3,21,Puebla,440834366,Centro
2019,20194,2019-Q4,21,Puebla,473857899,Centro
2020,20201,2020-Q1,21,Puebla,492550972,Centro
2020,20202,2020-Q2,21,Puebla,181772276,Centro
2020,20203,2020-Q3,21,Puebla,541475140,Centro
2020,20204,2020-Q4,21,Puebla,595699591,Centro
2021,20211,2021-Q1,21,Puebla,567854912,Centro
2021,20212,2021-Q2,21,Puebla,559785467,Centro
2021,20213,2021-Q3,21,Puebla,587341753,Centro
2022,20221,2022-Q1,21,Puebla,1195492945,Centro
2022,20222,2022-Q2,21,Puebla,901630586,Centro
2022,20223,2022-Q3,21,Puebla,266290063,Centro
2006,20061,2006-Q1,22,Queretaro,271758091,Centro
2006,20062,2006-Q2,22,Queretaro,291323467,Centro
2006,20063,2006-Q3,22,Queretaro,270874612,Centro
2006,20064,2006-Q4,22,Queretaro,287102165,Centro
2007,20071,2007-Q1,22,Queretaro,295336904,Centro
2007,20072,2007-Q2,22,Queretaro,325674731,Centro
2007,20073,2007-Q3,22,Queretaro,281008943,Centro
2007,20074,2007-Q4,22,Queretaro,249311950,Centro
2008,20081,2008-Q1,22,Queretaro,253489414,Centro
2008,20082,2008-Q2,22,Queretaro,281842430,Centro
2008,20083,2008-Q3,22,Queretaro,271082879,Centro
2008,20084,2008-Q4,22,Queretaro,228899532,Centro
2009,20091,2009-Q1,22,Queretaro,178266297,Centro
2009,20092,2009-Q2,22,Queretaro,208069555,Centro
2009,20093,2009-Q3,22,Queretaro,269164719,Centro
2009,20094,2009-Q4,22,Queretaro,347270038,Centro
2010,20101,2010-Q1,22,Queretaro,413072446,Centro
2010,20102,2010-Q2,22,Queretaro,473983089,Centro
2010,20103,2010-Q3,22,Queretaro,451666269,Centro
2010,20104,2010-Q4,22,Queretaro,484992493,Centro
2011,20111,2011-Q1,22,Queretaro,545849833,Centro
2011,20112,2011-Q2,22,Queretaro,572531553,Centro
2011,20113,2011-Q3,22,Queretaro,588613185,Centro
2011,20114,2011-Q4,22,Queretaro,645702514,Centro
2012,20121,2012-Q1,22,Queretaro,688900078,Centro
2012,20122,2012-Q2,22,Queretaro,762404628,Centro
2012,20123,2012-Q3,22,Queretaro,693997492,Centro
2012,20124,2012-Q4,22,Queretaro,736853312,Centro
2013,20131,2013-Q1,22,Queretaro,693182139,Centro
2013,20132,2013-Q2,22,Queretaro,770843094,Centro
2013,20133,2013-Q3,22,Queretaro,729026471,Centro
2013,20134,2013-Q4,22,Queretaro,791031439,Centro
2014,20141,2014-Q1,22,Queretaro,719270530,Centro
2014,20142,2014-Q2,22,Queretaro,805184468,Centro
2014,20143,2014-Q3,22,Queretaro,788575611,Centro
2014,20144,2014-Q4,22,Queretaro,801560168,Centro
2015,20151,2015-Q1,22,Queretaro,742153031,Centro
2015,20152,2015-Q2,22,Queretaro,863360187,Centro
2015,20153,2015-Q3,22,Queretaro,821548811,Centro
2015,20154,2015-Q4,22,Queretaro,844813170,Centro
2016,20161,2016-Q1,22,Queretaro,792327564,Centro
2016,20162,2016-Q2,22,Queretaro,821733071,Centro
2016,20163,2016-Q3,22,Queretaro,781431986,Centro
2016,20164,2016-Q4,22,Queretaro,839483688,Centro
2017,20171,2017-Q1,22,Queretaro,781446762,Centro
2017,20172,2017-Q2,22,Queretaro,856828786,Centro
2017,20173,2017-Q3,22,Queretaro,770735546,Centro
2017,20174,2017-Q4,22,Queretaro,863235725,Centro
2018,20181,2018-Q1,22,Queretaro,835329870,Centro
2018,20182,2018-Q2,22,Queretaro,863988453,Centro
2018,20183,2018-Q3,22,Queretaro,823021036,Centro
2018,20184,2018-Q4,22,Queretaro,900005380,Centro
2019,20191,2019-Q1,22,Queretaro,835373923,Centro
2019,20192,2019-Q2,22,Queretaro,920275672,Centro
2019,20193,2019-Q3,22,Queretaro,913703654,Centro
2019,20194,2019-Q4,22,Queretaro,881462684,Centro
2020,20201,2020-Q1,22,Queretaro,872568798,Centro
2020,20202,2020-Q2,22,Queretaro,286478002,Centro
2020,20203,2020-Q3,22,Queretaro,946430953,Centro
2020,20204,2020-Q4,22,Queretaro,977610114,Centro
2021,20211,2021-Q1,22,Queretaro,912400455,Centro
2021,20212,2021-Q2,22,Queretaro,858231354,Centro
2021,20213,2021-Q3,22,Queretaro,888352476,Centro
2022,20221,2022-Q1,22,Queretaro,938782762,Centro
2022,20222,2022-Q2,22,Queretaro,1057338365,Centro
2022,20223,2022-Q3,22,Queretaro,313925168,Centro
2011,20112,2011-Q2,23,Quintana Roo,50698,Sur
2011,20113,2011-Q3,23,Quintana Roo,3887,Sur
2011,20114,2011-Q4,23,Quintana Roo,1043,Sur
2012,20121,2012-Q1,23,Quintana Roo,19850,Sur
2012,20122,2012-Q2,23,Quintana Roo,102349,Sur
2012,20124,2012-Q4,23,Quintana Roo,11382,Sur
2014,20141,2014-Q1,23,Quintana Roo,12363,Sur
2015,20152,2015-Q2,23,Quintana Roo,26600,Sur
2017,20172,2017-Q2,23,Quintana Roo,10839,Sur
2018,20183,2018-Q3,23,Quintana Roo,37911,Sur
2018,20184,2018-Q4,23,Quintana Roo,23175,Sur
2019,20191,2019-Q1,23,Quintana Roo,7241,Sur
2019,20192,2019-Q2,23,Quintana Roo,18181,Sur
2019,20193,2019-Q3,23,Quintana Roo,25871,Sur
2019,20194,2019-Q4,23,Quintana Roo,25005,Sur
2020,20201,2020-Q1,23,Quintana Roo,52827,Sur
2020,20203,2020-Q3,23,Quintana Roo,4382,Sur
2020,20204,2020-Q4,23,Quintana Roo,49401,Sur
2021,20211,2021-Q1,23,Quintana Roo,11960,Sur
2021,20212,2021-Q2,23,Quintana Roo,52412,Sur
2021,20213,2021-Q3,23,Quintana Roo,39704,Sur
2022,20221,2022-Q1,23,Quintana Roo,54318,Sur
2022,20222,2022-Q2,23,Quintana Roo,27713,Sur
2022,20223,2022-Q3,23,Quintana Roo,9108,Sur
2006,20061,2006-Q1,24,San Luis Potosi,84927702,Centro-Norte
2006,20062,2006-Q2,24,San Luis Potosi,100289466,Centro-Norte
2006,20063,2006-Q3,24,San Luis Potosi,119344640,Centro-Norte
2006,20064,2006-Q4,24,San Luis Potosi,121698005,Centro-Norte
2007,20071,2007-Q1,24,San Luis Potosi,118354016,Centro-Norte
2007,20072,2007-Q2,24,San Luis Potosi,96301658,Centro-Norte
2007,20073,2007-Q3,24,San Luis Potosi,97652475,Centro-Norte
2007,20074,2007-Q4,24,San Luis Potosi,103262226,Centro-Norte
2008,20081,2008-Q1,24,San Luis Potosi,97896150,Centro-Norte
2008,20082,2008-Q2,24,San Luis Potosi,111749233,Centro-Norte
2008,20083,2008-Q3,24,San Luis Potosi,91737053,Centro-Norte
2008,20084,2008-Q4,24,San Luis Potosi,84615398,Centro-Norte
2009,20091,2009-Q1,24,San Luis Potosi,51274431,Centro-Norte
2009,20092,2009-Q2,24,San Luis Potosi,49859957,Centro-Norte
2009,20093,2009-Q3,24,San Luis Potosi,53928565,Centro-Norte
2009,20094,2009-Q4,24,San Luis Potosi,69392878,Centro-Norte
2010,20101,2010-Q1,24,San Luis Potosi,73652497,Centro-Norte
2010,20102,2010-Q2,24,San Luis Potosi,96470900,Centro-Norte
2010,20103,2010-Q3,24,San Luis Potosi,116361510,Centro-Norte
2010,20104,2010-Q4,24,San Luis Potosi,115009637,Centro-Norte
2011,20111,2011-Q1,24,San Luis Potosi,124376817,Centro-Norte
2011,20112,2011-Q2,24,San Luis Potosi,144437519,Centro-Norte
2011,20113,2011-Q3,24,San Luis Potosi,133367127,Centro-Norte
2011,20114,2011-Q4,24,San Luis Potosi,142405913,Centro-Norte
2012,20121,2012-Q1,24,San Luis Potosi,154222056,Centro-Norte
2012,20122,2012-Q2,24,San Luis Potosi,160817118,Centro-Norte
2012,20123,2012-Q3,24,San Luis Potosi,146479997,Centro-Norte
2012,20124,2012-Q4,24,San Luis Potosi,145206695,Centro-Norte
2013,20131,2013-Q1,24,San Luis Potosi,132778521,Centro-Norte
2013,20132,2013-Q2,24,San Luis Potosi,156233919,Centro-Norte
2013,20133,2013-Q3,24,San Luis Potosi,168710666,Centro-Norte
2013,20134,2013-Q4,24,San Luis Potosi,188261736,Centro-Norte
2014,20141,2014-Q1,24,San Luis Potosi,171585396,Centro-Norte
2014,20142,2014-Q2,24,San Luis Potosi,209802966,Centro-Norte
2014,20143,2014-Q3,24,San Luis Potosi,206181861,Centro-Norte
2014,20144,2014-Q4,24,San Luis Potosi,230335204,Centro-Norte
2015,20151,2015-Q1,24,San Luis Potosi,214962822,Centro-Norte
2015,20152,2015-Q2,24,San Luis Potosi,238505013,Centro-Norte
2015,20153,2015-Q3,24,San Luis Potosi,219161665,Centro-Norte
2015,20154,2015-Q4,24,San Luis Potosi,227158911,Centro-Norte
2016,20161,2016-Q1,24,San Luis Potosi,219525239,Centro-Norte
2016,20162,2016-Q2,24,San Luis Potosi,212975633,Centro-Norte
2016,20163,2016-Q3,24,San Luis Potosi,194137791,Centro-Norte
2016,20164,2016-Q4,24,San Luis Potosi,225425295,Centro-Norte
2017,20171,2017-Q1,24,San Luis Potosi,230174466,Centro-Norte
2017,20172,2017-Q2,24,San Luis Potosi,250572797,Centro-Norte
2017,20173,2017-Q3,24,San Luis Potosi,206704045,Centro-Norte
2017,20174,2017-Q4,24,San Luis Potosi,222692427,Centro-Norte
2018,20181,2018-Q1,24,San Luis Potosi,208883153,Centro-Norte
2018,20182,2018-Q2,24,San Luis Potosi,254633890,Centro-Norte
2018,20183,2018-Q3,24,San Luis Potosi,271969924,Centro-Norte
2018,20184,2018-Q4,24,San Luis Potosi,296812909,Centro-Norte
2019,20191,2019-Q1,24,San Luis Potosi,300077504,Centro-Norte
2019,20192,2019-Q2,24,San Luis Potosi,325216358,Centro-Norte
2019,20193,2019-Q3,24,San Luis Potosi,341745261,Centro-Norte
2019,20194,2019-Q4,24,San Luis Potosi,331066885,Centro-Norte
2020,20201,2020-Q1,24,San Luis Potosi,335009482,Centro-Norte
2020,20202,2020-Q2,24,San Luis Potosi,130420655,Centro-Norte
2020,20203,2020-Q3,24,San Luis Potosi,380537662,Centro-Norte
2020,20204,2020-Q4,24,San Luis Potosi,386480022,Centro-Norte
2021,20211,2021-Q1,24,San Luis Potosi,340934020,Centro-Norte
2021,20212,2021-Q2,24,San Luis Potosi,361066835,Centro-Norte
2021,20213,2021-Q3,24,San Luis Potosi,353122361,Centro-Norte
2022,20221,2022-Q1,24,San Luis Potosi,413620699,Centro-Norte
2022,20222,2022-Q2,24,San Luis Potosi,440400829,Centro-Norte
2022,20223,2022-Q3,24,San Luis Potosi,127170815,Centro-Norte
2006,20061,2006-Q1,26,Sonora,43851168,Norte
2006,20062,2006-Q2,26,Sonora,48164255,Norte
2006,20063,2006-Q3,26,Sonora,47623178,Norte
2006,20064,2006-Q4,26,Sonora,47275685,Norte
2007,20071,2007-Q1,26,Sonora,41783582,Norte
2007,20072,2007-Q2,26,Sonora,47381474,Norte
2007,20073,2007-Q3,26,Sonora,49682312,Norte
2007,20074,2007-Q4,26,Sonora,51804477,Norte
2008,20081,2008-Q1,26,Sonora,47766916,Norte
2008,20082,2008-Q2,26,Sonora,50289471,Norte
2008,20083,2008-Q3,26,Sonora,54542686,Norte
2008,20084,2008-Q4,26,Sonora,49810149,Norte
2009,20091,2009-Q1,26,Sonora,32972330,Norte
2009,20092,2009-Q2,26,Sonora,44392201,Norte
2009,20093,2009-Q3,26,Sonora,52279502,Norte
2009,20094,2009-Q4,26,Sonora,59533161,Norte
2010,20101,2010-Q1,26,Sonora,60224400,Norte
2010,20102,2010-Q2,26,Sonora,69345773,Norte
2010,20103,2010-Q3,26,Sonora,58914835,Norte
2010,20104,2010-Q4,26,Sonora,62472212,Norte
2011,20111,2011-Q1,26,Sonora,123986135,Norte
2011,20112,2011-Q2,26,Sonora,244604155,Norte
2011,20113,2011-Q3,26,Sonora,168963077,Norte
2011,20114,2011-Q4,26,Sonora,87920853,Norte
2012,20121,2012-Q1,26,Sonora,84236534,Norte
2012,20122,2012-Q2,26,Sonora,81699253,Norte
2012,20123,2012-Q3,26,Sonora,84242143,Norte
2012,20124,2012-Q4,26,Sonora,133635102,Norte
2013,20131,2013-Q1,26,Sonora,119030583,Norte
2013,20132,2013-Q2,26,Sonora,135077417,Norte
2013,20133,2013-Q3,26,Sonora,131379002,Norte
2013,20134,2013-Q4,26,Sonora,150933914,Norte
2014,20141,2014-Q1,26,Sonora,138390939,Norte
2014,20142,2014-Q2,26,Sonora,156434918,Norte
2014,20143,2014-Q3,26,Sonora,150425408,Norte
2014,20144,2014-Q4,26,Sonora,185788425,Norte
2015,20151,2015-Q1,26,Sonora,172303771,Norte
2015,20152,2015-Q2,26,Sonora,196424228,Norte
2015,20153,2015-Q3,26,Sonora,192591894,Norte
2015,20154,2015-Q4,26,Sonora,222197650,Norte
2016,20161,2016-Q1,26,Sonora,206651360,Norte
2016,20162,2016-Q2,26,Sonora,221052347,Norte
2016,20163,2016-Q3,26,Sonora,216413068,Norte
2016,20164,2016-Q4,26,Sonora,234403287,Norte
2017,20171,2017-Q1,26,Sonora,206701598,Norte
2017,20172,2017-Q2,26,Sonora,215071583,Norte
2017,20173,2017-Q3,26,Sonora,179231443,Norte
2017,20174,2017-Q4,26,Sonora,179138782,Norte
2018,20181,2018-Q1,26,Sonora,288921050,Norte
2018,20182,2018-Q2,26,Sonora,309481527,Norte
2018,20183,2018-Q3,26,Sonora,299007907,Norte
2018,20184,2018-Q4,26,Sonora,345763861,Norte
2019,20191,2019-Q1,26,Sonora,278673208,Norte
2019,20192,2019-Q2,26,Sonora,296332725,Norte
2019,20193,2019-Q3,26,Sonora,286530046,Norte
2019,20194,2019-Q4,26,Sonora,275245690,Norte
2020,20201,2020-Q1,26,Sonora,230885726,Norte
2020,20202,2020-Q2,26,Sonora,84276269,Norte
2020,20203,2020-Q3,26,Sonora,236373421,Norte
2020,20204,2020-Q4,26,Sonora,257453000,Norte
2021,20211,2021-Q1,26,Sonora,200116124,Norte
2021,20212,2021-Q2,26,Sonora,162459000,Norte
2021,20213,2021-Q3,26,Sonora,82881534,Norte
2022,20221,2022-Q1,26,Sonora,68172886,Norte
2022,20222,2022-Q2,26,Sonora,88441331,Norte
2022,20223,2022-Q3,26,Sonora,31718775,Norte
2006,20064,2006-Q4,27,Tabasco,16331,Sur
2008,20084,2008-Q4,27,Tabasco,5317,Sur
2006,20061,2006-Q1,28,Tamaulipas,267295537,Norte
2006,20062,2006-Q2,28,Tamaulipas,301548630,Norte
2006,20063,2006-Q3,28,Tamaulipas,260920029,Norte
2006,20064,2006-Q4,28,Tamaulipas,287148317,Norte
2007,20071,2007-Q1,28,Tamaulipas,296920982,Norte
2007,20072,2007-Q2,28,Tamaulipas,352738611,Norte
2007,20073,2007-Q3,28,Tamaulipas,317806067,Norte
2007,20074,2007-Q4,28,Tamaulipas,317821852,Norte
2008,20081,2008-Q1,28,Tamaulipas,296401217,Norte
2008,20082,2008-Q2,28,Tamaulipas,280282091,Norte
2008,20083,2008-Q3,28,Tamaulipas,266232102,Norte
2008,20084,2008-Q4,28,Tamaulipas,232435908,Norte
2009,20091,2009-Q1,28,Tamaulipas,208718455,Norte
2009,20092,2009-Q2,28,Tamaulipas,199089930,Norte
2009,20093,2009-Q3,28,Tamaulipas,244052031,Norte
2009,20094,2009-Q4,28,Tamaulipas,264626632,Norte
2010,20101,2010-Q1,28,Tamaulipas,310807517,Norte
2010,20102,2010-Q2,28,Tamaulipas,410755517,Norte
2010,20103,2010-Q3,28,Tamaulipas,354056021,Norte
2010,20104,2010-Q4,28,Tamaulipas,340171045,Norte
2011,20111,2011-Q1,28,Tamaulipas,385606140,Norte
2011,20112,2011-Q2,28,Tamaulipas,379511272,Norte
2011,20113,2011-Q3,28,Tamaulipas,367612672,Norte
2011,20114,2011-Q4,28,Tamaulipas,385608920,Norte
2012,20121,2012-Q1,28,Tamaulipas,406111980,Norte
2012,20122,2012-Q2,28,Tamaulipas,429937060,Norte
2012,20123,2012-Q3,28,Tamaulipas,392291097,Norte
2012,20124,2012-Q4,28,Tamaulipas,421382411,Norte
2013,20131,2013-Q1,28,Tamaulipas,385610957,Norte
2013,20132,2013-Q2,28,Tamaulipas,443541906,Norte
2013,20133,2013-Q3,28,Tamaulipas,430382458,Norte
2013,20134,2013-Q4,28,Tamaulipas,506593577,Norte
2014,20141,2014-Q1,28,Tamaulipas,472999439,Norte
2014,20142,2014-Q2,28,Tamaulipas,565527791,Norte
2014,20143,2014-Q3,28,Tamaulipas,567840691,Norte
2014,20144,2014-Q4,28,Tamaulipas,605334763,Norte
2015,20151,2015-Q1,28,Tamaulipas,523251104,Norte
2015,20152,2015-Q2,28,Tamaulipas,547885192,Norte
2015,20153,2015-Q3,28,Tamaulipas,551007948,Norte
2015,20154,2015-Q4,28,Tamaulipas,631691378,Norte
2016,20161,2016-Q1,28,Tamaulipas,578841273,Norte
2016,20162,2016-Q2,28,Tamaulipas,598515892,Norte
2016,20163,2016-Q3,28,Tamaulipas,587872034,Norte
2016,20164,2016-Q4,28,Tamaulipas,612760473,Norte
2017,20171,2017-Q1,28,Tamaulipas,548657549,Norte
2017,20172,2017-Q2,28,Tamaulipas,624248503,Norte
2017,20173,2017-Q3,28,Tamaulipas,574609184,Norte
2017,20174,2017-Q4,28,Tamaulipas,652986890,Norte
2018,20181,2018-Q1,28,Tamaulipas,610503145,Norte
2018,20182,2018-Q2,28,Tamaulipas,703044578,Norte
2018,20183,2018-Q3,28,Tamaulipas,701247151,Norte
2018,20184,2018-Q4,28,Tamaulipas,780055306,Norte
2019,20191,2019-Q1,28,Tamaulipas,652449747,Norte
2019,20192,2019-Q2,28,Tamaulipas,715446083,Norte
2019,20193,2019-Q3,28,Tamaulipas,710795075,Norte
2019,20194,2019-Q4,28,Tamaulipas,670930151,Norte
2020,20201,2020-Q1,28,Tamaulipas,627005161,Norte
2020,20202,2020-Q2,28,Tamaulipas,283051525,Norte
2020,20203,2020-Q3,28,Tamaulipas,678042030,Norte
2020,20204,2020-Q4,28,Tamaulipas,692713636,Norte
2021,20211,2021-Q1,28,Tamaulipas,605628509,Norte
2021,20212,2021-Q2,28,Tamaulipas,605351508,Norte
2021,20213,2021-Q3,28,Tamaulipas,594933212,Norte
2022,20221,2022-Q1,28,Tamaulipas,558159769,Norte
2022,20222,2022-Q2,28,Tamaulipas,619708498,Norte
2022,20223,2022-Q3,28,Tamaulipas,179604711,Norte
2006,20062,2006-Q2,29,Tlaxcala,668078,Centro
2006,20063,2006-Q3,29,Tlaxcala,1277000,Centro
2006,20064,2006-Q4,29,Tlaxcala,1233260,Centro
2007,20071,2007-Q1,29,Tlaxcala,847074,Centro
2007,20072,2007-Q2,29,Tlaxcala,1393694,Centro
2007,20073,2007-Q3,29,Tlaxcala,432204,Centro
2007,20074,2007-Q4,29,Tlaxcala,1155979,Centro
2008,20081,2008-Q1,29,Tlaxcala,1445913,Centro
2008,20082,2008-Q2,29,Tlaxcala,1000396,Centro
2008,20083,2008-Q3,29,Tlaxcala,2087124,Centro
2008,20084,2008-Q4,29,Tlaxcala,1234203,Centro
2009,20091,2009-Q1,29,Tlaxcala,1106177,Centro
2009,20092,2009-Q2,29,Tlaxcala,931598,Centro
2009,20093,2009-Q3,29,Tlaxcala,1160518,Centro
2009,20094,2009-Q4,29,Tlaxcala,1956391,Centro
2010,20101,2010-Q1,29,Tlaxcala,1912862,Centro
2010,20102,2010-Q2,29,Tlaxcala,1682734,Centro
2010,20103,2010-Q3,29,Tlaxcala,2483422,Centro
2010,20104,2010-Q4,29,Tlaxcala,1144003,Centro
2011,20111,2011-Q1,29,Tlaxcala,2145742,Centro
2011,20112,2011-Q2,29,Tlaxcala,1590726,Centro
2011,20113,2011-Q3,29,Tlaxcala,2072673,Centro
2011,20114,2011-Q4,29,Tlaxcala,2649574,Centro
2012,20121,2012-Q1,29,Tlaxcala,3410153,Centro
2012,20122,2012-Q2,29,Tlaxcala,3201768,Centro
2012,20123,2012-Q3,29,Tlaxcala,3226311,Centro
2012,20124,2012-Q4,29,Tlaxcala,3190937,Centro
2013,20131,2013-Q1,29,Tlaxcala,2917487,Centro
2013,20132,2013-Q2,29,Tlaxcala,3319003,Centro
2013,20133,2013-Q3,29,Tlaxcala,3760854,Centro
2013,20134,2013-Q4,29,Tlaxcala,6195370,Centro
2014,20141,2014-Q1,29,Tlaxcala,5589170,Centro
2014,20142,2014-Q2,29,Tlaxcala,6418966,Centro
2014,20143,2014-Q3,29,Tlaxcala,6850886,Centro
2014,20144,2014-Q4,29,Tlaxcala,6189984,Centro
2015,20151,2015-Q1,29,Tlaxcala,6229040,Centro
2015,20152,2015-Q2,29,Tlaxcala,6660970,Centro
2015,20153,2015-Q3,29,Tlaxcala,7666455,Centro
2015,20154,2015-Q4,29,Tlaxcala,9756306,Centro
2016,20161,2016-Q1,29,Tlaxcala,8885749,Centro
2016,20162,2016-Q2,29,Tlaxcala,10624064,Centro
2016,20163,2016-Q3,29,Tlaxcala,10433750,Centro
2016,20164,2016-Q4,29,Tlaxcala,12504882,Centro
2017,20171,2017-Q1,29,Tlaxcala,11413467,Centro
2017,20172,2017-Q2,29,Tlaxcala,12810536,Centro
2017,20173,2017-Q3,29,Tlaxcala,11891208,Centro
2017,20174,2017-Q4,29,Tlaxcala,12251989,Centro
2018,20181,2018-Q1,29,Tlaxcala,12571357,Centro
2018,20182,2018-Q2,29,Tlaxcala,14926793,Centro
2018,20183,2018-Q3,29,Tlaxcala,18624496,Centro
2018,20184,2018-Q4,29,Tlaxcala,25061986,Centro
2019,20191,2019-Q1,29,Tlaxcala,24926683,Centro
2019,20192,2019-Q2,29,Tlaxcala,30798053,Centro
2019,20193,2019-Q3,29,Tlaxcala,29285111,Centro
2019,20194,2019-Q4,29,Tlaxcala,24347525,Centro
2020,20201,2020-Q1,29,Tlaxcala,29666708,Centro
2020,20202,2020-Q2,29,Tlaxcala,9992794,Centro
2020,20203,2020-Q3,29,Tlaxcala,33904643,Centro
2020,20204,2020-Q4,29,Tlaxcala,37200999,Centro
2021,20211,2021-Q1,29,Tlaxcala,31011806,Centro
2021,20212,2021-Q2,29,Tlaxcala,34066207,Centro
2021,20213,2021-Q3,29,Tlaxcala,30980822,Centro
2022,20221,2022-Q1,29,Tlaxcala,32254270,Centro
2022,20222,2022-Q2,29,Tlaxcala,36187218,Centro
2022,20223,2022-Q3,29,Tlaxcala,12403760,Centro
2006,20063,2006-Q3,30,Veracruz,1606177,Sur
2007,20073,2007-Q3,30,Veracruz,2796514,Sur
2008,20083,2008-Q3,30,Veracruz,3559158,Sur
2009,20091,2009-Q1,30,Veracruz,824802,Sur
2010,20102,2010-Q2,30,Veracruz,4939197,Sur
2010,20103,2010-Q3,30,Veracruz,4272535,Sur
2010,20104,2010-Q4,30,Veracruz,2451177,Sur
2011,20111,2011-Q1,30,Veracruz,2118821,Sur
2011,20114,2011-Q4,30,Veracruz,2167429,Sur
2012,20122,2012-Q2,30,Veracruz,2199742,Sur
2013,20131,2013-Q1,30,Veracruz,2240238,Sur
2013,20132,2013-Q2,30,Veracruz,2711387,Sur
2013,20134,2013-Q4,30,Veracruz,2412273,Sur
2015,20152,2015-Q2,30,Veracruz,3280197,Sur
2015,20153,2015-Q3,30,Veracruz,4202605,Sur
2016,20161,2016-Q1,30,Veracruz,3495688,Sur
2016,20162,2016-Q2,30,Veracruz,3434870,Sur
2016,20163,2016-Q3,30,Veracruz,3330888,Sur
2016,20164,2016-Q4,30,Veracruz,5102983,Sur
2017,20171,2017-Q1,30,Veracruz,2477453,Sur
2017,20172,2017-Q2,30,Veracruz,3480332,Sur
2017,20173,2017-Q3,30,Veracruz,5851574,Sur
2017,20174,2017-Q4,30,Veracruz,10336382,Sur
2018,20181,2018-Q1,30,Veracruz,4282030,Sur
2018,20182,2018-Q2,30,Veracruz,7100099,Sur
2018,20183,2018-Q3,30,Veracruz,7254740,Sur
2018,20184,2018-Q4,30,Veracruz,10609366,Sur
2019,20191,2019-Q1,30,Veracruz,4107749,Sur
2019,20192,2019-Q2,30,Veracruz,10242648,Sur
2019,20193,2019-Q3,30,Veracruz,10334320,Sur
2019,20194,2019-Q4,30,Veracruz,12139989,Sur
2020,20201,2020-Q1,30,Veracruz,11535922,Sur
2020,20202,2020-Q2,30,Veracruz,1814034,Sur
2020,20203,2020-Q3,30,Veracruz,10598636,Sur
2020,20204,2020-Q4,30,Veracruz,10332112,Sur
2021,20211,2021-Q1,30,Veracruz,7017070,Sur
2021,20212,2021-Q2,30,Veracruz,10973660,Sur
2021,20213,2021-Q3,30,Veracruz,11868518,Sur
2022,20221,2022-Q1,30,Veracruz,14454408,Sur
2022,20222,2022-Q2,30,Veracruz,17671786,Sur
2022,20223,2022-Q3,30,Veracruz,6260265,Sur
2006,20061,2006-Q1,31,Yucatan,17364,Sur
2006,20062,2006-Q2,31,Yucatan,18427,Sur
2006,20063,2006-Q3,31,Yucatan,29287,Sur
2006,20064,2006-Q4,31,Yucatan,17589,Sur
2007,20071,2007-Q1,31,Yucatan,15904,Sur
2007,20072,2007-Q2,31,Yucatan,15568,Sur
2007,20073,2007-Q3,31,Yucatan,36327,Sur
2007,20074,2007-Q4,31,Yucatan,17218,Sur
2008,20081,2008-Q1,31,Yucatan,75778,Sur
2008,20082,2008-Q2,31,Yucatan,2965,Sur
2008,20083,2008-Q3,31,Yucatan,3270,Sur
2009,20091,2009-Q1,31,Yucatan,2398,Sur
2010,20101,2010-Q1,31,Yucatan,14079,Sur
2011,20111,2011-Q1,31,Yucatan,23797,Sur
2011,20114,2011-Q4,31,Yucatan,25179,Sur
2012,20122,2012-Q2,31,Yucatan,31033,Sur
2013,20131,2013-Q1,31,Yucatan,10120,Sur
2013,20134,2013-Q4,31,Yucatan,74610,Sur
2014,20142,2014-Q2,31,Yucatan,33524,Sur
2014,20143,2014-Q3,31,Yucatan,99835,Sur
2014,20144,2014-Q4,31,Yucatan,76327,Sur
2015,20151,2015-Q1,31,Yucatan,37916,Sur
2015,20152,2015-Q2,31,Yucatan,42766,Sur
2015,20153,2015-Q3,31,Yucatan,20298,Sur
2015,20154,2015-Q4,31,Yucatan,156303,Sur
2016,20161,2016-Q1,31,Yucatan,16052,Sur
2016,20162,2016-Q2,31,Yucatan,212399,Sur
2016,20163,2016-Q3,31,Yucatan,67168,Sur
2016,20164,2016-Q4,31,Yucatan,195279,Sur
2017,20171,2017-Q1,31,Yucatan,177960,Sur
2017,20172,2017-Q2,31,Yucatan,160413,Sur
2017,20174,2017-Q4,31,Yucatan,44729,Sur
2018,20182,2018-Q2,31,Yucatan,57898,Sur
2018,20184,2018-Q4,31,Yucatan,20387,Sur
2019,20191,2019-Q1,31,Yucatan,362199,Sur
2019,20192,2019-Q2,31,Yucatan,122279,Sur
2019,20193,2019-Q3,31,Yucatan,61073,Sur
2019,20194,2019-Q4,31,Yucatan,228002,Sur
2020,20201,2020-Q1,31,Yucatan,310478,Sur
2020,20203,2020-Q3,31,Yucatan,382870,Sur
2020,20204,2020-Q4,31,Yucatan,351439,Sur
2021,20211,2021-Q1,31,Yucatan,616047,Sur
2021,20212,2021-Q2,31,Yucatan,859060,Sur
2022,20221,2022-Q1,31,Yucatan,468050,Sur
2022,20222,2022-Q2,31,Yucatan,120808,Sur
2022,20223,2022-Q3,31,Yucatan,29888,Sur
2010,20101,2010-Q1,32,Zacatecas,42581,Norte-Occidente
2010,20103,2010-Q3,32,Zacatecas,192206,Norte-Occidente
2010,20104,2010-Q4,32,Zacatecas,51860,Norte-Occidente
2011,20111,2011-Q1,32,Zacatecas,103330,Norte-Occidente
2011,20113,2011-Q3,32,Zacatecas,467373,Norte-Occidente
2011,20114,2011-Q4,32,Zacatecas,2396067,Norte-Occidente
2012,20121,2012-Q1,32,Zacatecas,4141017,Norte-Occidente
2012,20122,2012-Q2,32,Zacatecas,8856504,Norte-Occidente
2012,20123,2012-Q3,32,Zacatecas,14293441,Norte-Occidente
2012,20124,2012-Q4,32,Zacatecas,15982610,Norte-Occidente
2013,20131,2013-Q1,32,Zacatecas,18154878,Norte-Occidente
2013,20132,2013-Q2,32,Zacatecas,16131340,Norte-Occidente
2013,20133,2013-Q3,32,Zacatecas,16650550,Norte-Occidente
2013,20134,2013-Q4,32,Zacatecas,17335817,Norte-Occidente
2014,20141,2014-Q1,32,Zacatecas,20149459,Norte-Occidente
2014,20142,2014-Q2,32,Zacatecas,16920356,Norte-Occidente
2014,20143,2014-Q3,32,Zacatecas,18367930,Norte-Occidente
2014,20144,2014-Q4,32,Zacatecas,20893849,Norte-Occidente
2015,20151,2015-Q1,32,Zacatecas,22397174,Norte-Occidente
2015,20152,2015-Q2,32,Zacatecas,22287232,Norte-Occidente
2015,20153,2015-Q3,32,Zacatecas,27753130,Norte-Occidente
2015,20154,2015-Q4,32,Zacatecas,29978473,Norte-Occidente
2016,20161,2016-Q1,32,Zacatecas,32007774,Norte-Occidente
2016,20162,2016-Q2,32,Zacatecas,29774711,Norte-Occidente
2016,20163,2016-Q3,32,Zacatecas,30733734,Norte-Occidente
2016,20164,2016-Q4,32,Zacatecas,29698791,Norte-Occidente
2017,20171,2017-Q1,32,Zacatecas,28264158,Norte-Occidente
2017,20172,2017-Q2,32,Zacatecas,25079050,Norte-Occidente
2017,20173,2017-Q3,32,Zacatecas,23046776,Norte-Occidente
2017,20174,2017-Q4,32,Zacatecas,23634056,Norte-Occidente
2018,20181,2018-Q1,32,Zacatecas,23504603,Norte-Occidente
2018,20182,2018-Q2,32,Zacatecas,26366816,Norte-Occidente
2018,20183,2018-Q3,32,Zacatecas,24228374,Norte-Occidente
2018,20184,2018-Q4,32,Zacatecas,23157994,Norte-Occidente
2019,20191,2019-Q1,32,Zacatecas,23184248,Norte-Occidente
2019,20192,2019-Q2,32,Zacatecas,24078266,Norte-Occidente
2019,20193,2019-Q3,32,Zacatecas,21759578,Norte-Occidente
2019,20194,2019-Q4,32,Zacatecas,26144214,Norte-Occidente
2020,20201,2020-Q1,32,Zacatecas,25308205,Norte-Occidente
2020,20202,2020-Q2,32,Zacatecas,10556525,Norte-Occidente
2020,20203,2020-Q3,32,Zacatecas,29962362,Norte-Occidente
2020,20204,2020-Q4,32,Zacatecas,34471508,Norte-Occidente
2021,20211,2021-Q1,32,Zacatecas,34201437,Norte-Occidente
2021,20212,2021-Q2,32,Zacatecas,34085128,Norte-Occidente
2021,20213,2021-Q3,32,Zacatecas,27402431,Norte-Occidente
2022,20221,2022-Q1,32,Zacatecas,23424767,Norte-Occidente
2022,20222,2022-Q2,32,Zacatecas,22340195,Norte-Occidente
2022,20223,2022-Q3,32,Zacatecas,6389105,Norte-Occidente
